Location, ->
41.813369089, 87.706638017