Location, ->
41.813369089, 87.706638017
41.899583367, -87.722545587
41.901717761, -87.721397533
41.777315884, -87.615406971
41.788368674, -87.668086275
41.788368674, -87.668086275
41.778494037, -87.589656532
41.903712194, -87.72025074
41.94799039, -87.662830495
41.800092603, -87.690314893
41.918612938, -87.708963978
41.918612938, -87.708963978
41.918612938, -87.708963978
